country,quarter,mean_monthly_yoy_inflation,house_price_growth_quarterly
"Euro area (EA11-1999, EA12-2001, EA13-2007, EA15-2008, EA16-2009, EA17-2011, EA18-2014, EA19-2015, EA20-2023, EA21-2026)",2019Q1,1.4333333333333333,0.4
"Euro area (EA11-1999, EA12-2001, EA13-2007, EA15-2008, EA16-2009, EA17-2011, EA18-2014, EA19-2015, EA20-2023, EA21-2026)",2019Q2,1.4000000000000001,1.8
"Euro area (EA11-1999, EA12-2001, EA13-2007, EA15-2008, EA16-2009, EA17-2011, EA18-2014, EA19-2015, EA20-2023, EA21-2026)",2019Q3,0.9333333333333332,1.4
"Euro area (EA11-1999, EA12-2001, EA13-2007, EA15-2008, EA16-2009, EA17-2011, EA18-2014, EA19-2015, EA20-2023, EA21-2026)",2019Q4,1.0,0.8
"Euro area (EA11-1999, EA12-2001, EA13-2007, EA15-2008, EA16-2009, EA17-2011, EA18-2014, EA19-2015, EA20-2023, EA21-2026)",2020Q1,1.0999999999999999,1.1
"Euro area (EA11-1999, EA12-2001, EA13-2007, EA15-2008, EA16-2009, EA17-2011, EA18-2014, EA19-2015, EA20-2023, EA21-2026)",2020Q2,0.2333333333333333,1.6
"Euro area (EA11-1999, EA12-2001, EA13-2007, EA15-2008, EA16-2009, EA17-2011, EA18-2014, EA19-2015, EA20-2023, EA21-2026)",2020Q3,-0.033333333333333326,1.4
"Euro area (EA11-1999, EA12-2001, EA13-2007, EA15-2008, EA16-2009, EA17-2011, EA18-2014, EA19-2015, EA20-2023, EA21-2026)",2020Q4,-0.3,1.4
"Euro area (EA11-1999, EA12-2001, EA13-2007, EA15-2008, EA16-2009, EA17-2011, EA18-2014, EA19-2015, EA20-2023, EA21-2026)",2021Q1,1.0333333333333334,1.4
"Euro area (EA11-1999, EA12-2001, EA13-2007, EA15-2008, EA16-2009, EA17-2011, EA18-2014, EA19-2015, EA20-2023, EA21-2026)",2021Q2,1.8333333333333333,2.8
"Euro area (EA11-1999, EA12-2001, EA13-2007, EA15-2008, EA16-2009, EA17-2011, EA18-2014, EA19-2015, EA20-2023, EA21-2026)",2021Q3,2.8666666666666667,3.2
"Euro area (EA11-1999, EA12-2001, EA13-2007, EA15-2008, EA16-2009, EA17-2011, EA18-2014, EA19-2015, EA20-2023, EA21-2026)",2021Q4,4.666666666666667,1.9
"Euro area (EA11-1999, EA12-2001, EA13-2007, EA15-2008, EA16-2009, EA17-2011, EA18-2014, EA19-2015, EA20-2023, EA21-2026)",2022Q1,6.133333333333333,1.8
"Euro area (EA11-1999, EA12-2001, EA13-2007, EA15-2008, EA16-2009, EA17-2011, EA18-2014, EA19-2015, EA20-2023, EA21-2026)",2022Q2,8.033333333333333,2.2
"Euro area (EA11-1999, EA12-2001, EA13-2007, EA15-2008, EA16-2009, EA17-2011, EA18-2014, EA19-2015, EA20-2023, EA21-2026)",2022Q3,9.299999999999999,0.9
"Euro area (EA11-1999, EA12-2001, EA13-2007, EA15-2008, EA16-2009, EA17-2011, EA18-2014, EA19-2015, EA20-2023, EA21-2026)",2022Q4,9.966666666666667,-1.8
"Euro area (EA11-1999, EA12-2001, EA13-2007, EA15-2008, EA16-2009, EA17-2011, EA18-2014, EA19-2015, EA20-2023, EA21-2026)",2023Q1,8.0,-0.9
"Euro area (EA11-1999, EA12-2001, EA13-2007, EA15-2008, EA16-2009, EA17-2011, EA18-2014, EA19-2015, EA20-2023, EA21-2026)",2023Q2,6.2,0.2
"Euro area (EA11-1999, EA12-2001, EA13-2007, EA15-2008, EA16-2009, EA17-2011, EA18-2014, EA19-2015, EA20-2023, EA21-2026)",2023Q3,4.933333333333334,0.2
"Euro area (EA11-1999, EA12-2001, EA13-2007, EA15-2008, EA16-2009, EA17-2011, EA18-2014, EA19-2015, EA20-2023, EA21-2026)",2023Q4,2.733333333333333,-0.7
"Euro area (EA11-1999, EA12-2001, EA13-2007, EA15-2008, EA16-2009, EA17-2011, EA18-2014, EA19-2015, EA20-2023, EA21-2026)",2024Q1,2.6,0.1
"Euro area (EA11-1999, EA12-2001, EA13-2007, EA15-2008, EA16-2009, EA17-2011, EA18-2014, EA19-2015, EA20-2023, EA21-2026)",2024Q2,2.5,1.8
"Euro area (EA11-1999, EA12-2001, EA13-2007, EA15-2008, EA16-2009, EA17-2011, EA18-2014, EA19-2015, EA20-2023, EA21-2026)",2024Q3,2.1666666666666665,1.6
"Euro area (EA11-1999, EA12-2001, EA13-2007, EA15-2008, EA16-2009, EA17-2011, EA18-2014, EA19-2015, EA20-2023, EA21-2026)",2024Q4,2.1999999999999997,0.6
"Euro area (EA11-1999, EA12-2001, EA13-2007, EA15-2008, EA16-2009, EA17-2011, EA18-2014, EA19-2015, EA20-2023, EA21-2026)",2025Q1,2.3333333333333335,1.3
"Euro area (EA11-1999, EA12-2001, EA13-2007, EA15-2008, EA16-2009, EA17-2011, EA18-2014, EA19-2015, EA20-2023, EA21-2026)",2025Q2,2.033333333333333,1.6
"Euro area (EA11-1999, EA12-2001, EA13-2007, EA15-2008, EA16-2009, EA17-2011, EA18-2014, EA19-2015, EA20-2023, EA21-2026)",2025Q3,2.066666666666667,1.5
"Euro area (EA11-1999, EA12-2001, EA13-2007, EA15-2008, EA16-2009, EA17-2011, EA18-2014, EA19-2015, EA20-2023, EA21-2026)",2025Q4,2.066666666666667,0.5
France,2019Q1,1.4333333333333333,0.0
France,2019Q2,1.3333333333333333,1.2
France,2019Q3,1.2333333333333334,2.3
France,2019Q4,1.2333333333333334,0.3
France,2020Q1,1.3666666666666665,1.0
France,2020Q2,0.3333333333333333,1.5
France,2020Q3,0.3666666666666667,2.0
France,2020Q4,0.10000000000000002,1.3
France,2021Q1,1.0,0.8
France,2021Q2,1.7666666666666666,1.9
France,2021Q3,2.1999999999999997,3.0
France,2021Q4,3.3333333333333335,1.0
France,2022Q1,4.2,0.8
France,2022Q2,5.8999999999999995,1.7
France,2022Q3,6.533333333333334,2.7
France,2022Q4,6.966666666666666,-0.6
France,2023Q1,7.0,-0.9
France,2023Q2,6.066666666666666,-0.5
France,2023Q3,5.5,0.4
France,2023Q4,4.166666666666667,-2.7
France,2024Q1,3.0,-2.2
France,2024Q2,2.5,-0.2
France,2024Q3,2.1,1.6
France,2024Q4,1.7,-1.1
France,2025Q1,1.2,0.2
France,2025Q2,0.7999999999999999,0.0
France,2025Q3,0.9333333333333335,1.5
France,2025Q4,0.7666666666666666,-0.8
Germany,2019Q1,1.5999999999999999,0.0
Germany,2019Q2,1.6333333333333335,2.6
Germany,2019Q3,1.0,1.4
Germany,2019Q4,1.2,2.4
Germany,2020Q1,1.5333333333333332,0.8
Germany,2020Q2,0.7000000000000001,1.8
Germany,2020Q3,-0.16666666666666666,3.0
Germany,2020Q4,-0.6333333333333333,2.8
Germany,2021Q1,1.7333333333333334,1.4
Germany,2021Q2,2.1999999999999997,3.9
Germany,2021Q3,3.533333333333333,4.1
Germany,2021Q4,5.433333333333334,2.8
Germany,2022Q1,6.066666666666666,0.9
Germany,2022Q2,8.233333333333333,2.0
Germany,2022Q3,9.4,-0.6
Germany,2022Q4,10.833333333333334,-4.7
Germany,2023Q1,8.766666666666667,-3.0
Germany,2023Q2,6.8999999999999995,-1.4
Germany,2023Q3,5.733333333333333,-1.5
Germany,2023Q4,3.033333333333333,-1.9
Germany,2024Q1,2.6999999999999997,-0.4
Germany,2024Q2,2.5666666666666664,1.4
Germany,2024Q3,2.1333333333333333,0.8
Germany,2024Q4,2.533333333333333,0.1
Germany,2025Q1,2.5666666666666664,1.4
Germany,2025Q2,2.1,0.9
Germany,2025Q3,2.1,0.7
Germany,2025Q4,2.3000000000000003,-0.5
Italy,2019Q1,1.0333333333333334,-0.6
Italy,2019Q2,0.9333333333333335,1.4
Italy,2019Q3,0.3333333333333333,-0.4
Italy,2019Q4,0.3,-0.2
Italy,2020Q1,0.23333333333333336,0.8
Italy,2020Q2,-0.19999999999999998,3.2
Italy,2020Q3,-0.2333333333333333,-2.6
Italy,2020Q4,-0.39999999999999997,0.2
Italy,2021Q1,0.7666666666666666,1.0
Italy,2021Q2,1.1666666666666667,1.6
Italy,2021Q3,2.1333333333333333,1.1
Italy,2021Q4,3.766666666666667,0.1
Italy,2022Q1,6.033333333333334,1.7
Italy,2022Q2,7.366666666666667,2.2
Italy,2022Q3,8.966666666666667,-1.1
Italy,2022Q4,12.5,-0.1
Italy,2023Q1,9.533333333333333,0.0
Italy,2023Q2,7.766666666666667,2.0
Italy,2023Q3,5.8,-0.1
Italy,2023Q4,0.9666666666666667,-0.1
Italy,2024Q1,0.9666666666666667,-0.1
Italy,2024Q2,0.8666666666666667,3.2
Italy,2024Q3,1.1666666666666667,0.7
Italy,2024Q4,1.3,0.6
Italy,2025Q1,1.8333333333333333,-0.2
Italy,2025Q2,1.8333333333333333,2.8
Italy,2025Q3,1.7,0.5
Italy,2025Q4,1.2,0.9
Portugal,2019Q1,0.7666666666666666,3.6
Portugal,2019Q2,0.6333333333333333,2.6
Portugal,2019Q3,-0.3666666666666667,2.1
Portugal,2019Q4,0.16666666666666666,1.7
Portugal,2020Q1,0.46666666666666673,3.8
Portugal,2020Q2,-0.16666666666666666,1.8
Portugal,2020Q3,-0.3666666666666667,-0.5
Portugal,2020Q4,-0.43333333333333335,2.6
Portugal,2021Q1,0.19999999999999998,2.5
Portugal,2021Q2,-0.06666666666666665,2.9
Portugal,2021Q3,1.2333333333333334,2.9
Portugal,2021Q4,2.4,2.7
Portugal,2022Q1,4.433333333333334,3.8
Portugal,2022Q2,8.166666666666666,3.1
Portugal,2022Q3,9.5,2.9
Portugal,2022Q4,10.200000000000001,1.1
Portugal,2023Q1,8.4,1.3
Portugal,2023Q2,5.666666666666667,3.1
Portugal,2023Q3,4.8,1.8
Portugal,2023Q4,2.4333333333333336,1.3
Portugal,2024Q1,2.466666666666667,0.6
Portugal,2024Q2,3.0666666666666664,3.9
Portugal,2024Q3,2.3666666666666667,3.7
Portugal,2024Q4,2.8000000000000003,3.0
Portugal,2025Q1,2.3666666666666667,4.8
Portugal,2025Q2,1.9666666666666668,4.8
Portugal,2025Q3,2.3000000000000003,4.1
Portugal,2025Q4,2.1666666666666665,4.0
Spain,2019Q1,1.1333333333333335,1.6
Spain,2019Q2,1.0333333333333334,1.1
Spain,2019Q3,0.39999999999999997,1.6
Spain,2019Q4,0.5,-0.7
Spain,2020Q1,0.7000000000000001,1.2
Spain,2020Q2,-0.6333333333333333,0.0
Spain,2020Q3,-0.6333333333333333,1.2
Spain,2020Q4,-0.7666666666666666,-0.8
Spain,2021Q1,0.5,0.5
Spain,2021Q2,2.3000000000000003,2.4
Spain,2021Q3,3.4,2.1
Spain,2021Q4,5.833333333333333,1.2
Spain,2022Q1,7.866666666666667,2.6
Spain,2022Q2,8.933333333333334,1.9
Spain,2022Q3,10.066666666666666,1.7
Spain,2022Q4,6.5,-0.8
Spain,2023Q1,5.0,0.7
Spain,2023Q2,2.766666666666667,2.1
Spain,2023Q3,2.6,2.5
Spain,2023Q4,3.3666666666666667,-1.0
Spain,2024Q1,3.233333333333333,2.7
Spain,2024Q2,3.6,3.6
Spain,2024Q3,2.3333333333333335,2.8
Spain,2024Q4,2.3333333333333335,1.8
Spain,2025Q1,2.6666666666666665,3.6
Spain,2025Q2,2.1666666666666665,4.0
Spain,2025Q3,2.8000000000000003,2.9
Spain,2025Q4,3.1333333333333333,1.8
